Metric,Value
Train MSE,0.0645112202875453
Test MSE,0.16874794938604606
Train MAE,0.1845888629373336
Test MAE,0.3003041101485452
Train MAE %,4.61472157343334
Test MAE %,7.50760275371363
